{"stat.useItem.351":619,"stat.useItem.113":3,"stat.useItem.356":15,"stat.useItem.116":2,"stat.killEntity.Blaze":1,"stat.killEntity.PigZombie":21,"stat.useItem.123":94,"stat.mineBlock.17":1,"stat.swimOneCm":144938,"stat.climbOneCm":44461,"achievement.buildWorkBench":1,"achievement.exploreAllBiomes":{"value":0,"progress":["Beach","DesertHills","Roofed Forest","Flower Forest","River","Ocean","Forest","Plains","Desert","Deep Ocean","Hell"]},"stat.useItem.331":103,"stat.useItem.330":2,"stat.useItem.338":21,"stat.mineBlock.3":3,"stat.flyOneCm":937474,"stat.useItem.101":5,"stat.useItem.106":177,"stat.killEntity.Witch":2,"stat.killEntity.Creeper":5,"stat.useItem.323":2,"stat.useItem.328":4,"achievement.mineWood":19,"stat.killEntity.Squid":1,"stat.useItem.87":195,"stat.useItem.89":504,"stat.useItem.85":13,"achievement.openInventory":221,"stat.useItem.98":718,"stat.craftItem.58":1,"stat.deaths":5,"stat.drop":20,"stat.useItem.95":103,"stat.useItem.96":2,"stat.playOneMinute":314158,"stat.killEntity.Zombie":8,"stat.diveOneCm":487540,"stat.useItem.65":116,"stat.useItem.66":55,"stat.killEntity.Ghast":3,"stat.useItem.69":4,"stat.useItem.76":56,"stat.useItem.77":4,"stat.jump":1565,"stat.fallOneCm":6451,"stat.useItem.70":47,"stat.useItem.44":32,"stat.boatOneCm":426101,"stat.craftItem.5":24,"stat.damageTaken":-2147482088,"stat.useItem.46":21,"stat.useItem.47":132,"stat.useItem.48":149,"stat.useItem.49":415,"stat.useItem.53":18,"stat.useItem.54":1,"stat.useItem.50":39,"stat.damageDealt":7081,"stat.killEntity.Cow":1,"stat.useItem.57":6,"stat.useItem.20":91,"stat.useItem.152":92,"stat.walkOneCm":866808,"stat.useItem.29":45,"stat.minecartOneCm":71252,"stat.useItem.162":21,"stat.useItem.27":278,"stat.useItem.287":4,"stat.useItem.131":1,"stat.useItem.130":3,"stat.killEntity.Skeleton":4,"stat.useItem.139":79,"stat.useItem.259":10,"stat.killEntity.Spider":8,"stat.mobKills":55,"stat.useItem.380":1,"stat.useItem.6":111,"stat.useItem.12":45,"stat.useItem.145":3,"stat.useItem.147":3,"stat.useItem.389":28,"stat.useItem.1":67,"stat.useItem.4":1458,"stat.useItem.3":1186,"stat.useItem.17":2,"stat.useItem.19":16,"stat.useItem.14":2,"stat.useItem.151":3}