{"stat.useItem.65":15,"stat.useItem.66":13,"stat.useItem.355":2,"stat.useItem.61":8,"stat.killEntity.EntityHorse":3,"stat.craftItem.61":8,"stat.killEntity.Ghast":12,"stat.mineBlock.87":5,"stat.useItem.69":4,"stat.killEntity.PigZombie":7,"stat.swimOneCm":200582,"stat.jump":3855,"stat.useItem.126":19,"stat.fallOneCm":68744,"stat.climbOneCm":5085,"stat.useItem.70":5,"achievement.buildWorkBench":2,"achievement.exploreAllBiomes":{"value":0,"progress":["Sunflower Plains","Beach","Roofed Forest","River","Forest","Ocean","Plains","Hell","Deep Ocean"]},"stat.mineBlock.12":16,"stat.useItem.331":11,"stat.useItem.44":20,"stat.useItem.330":19,"stat.boatOneCm":250975,"stat.craftItem.5":76,"stat.craftItem.89":251,"stat.damageTaken":-2147475454,"stat.mineBlock.3":15,"stat.mineBlock.1":3,"stat.useItem.46":6,"stat.useItem.49":179,"stat.useItem.54":16,"stat.flyOneCm":780669,"stat.useItem.342":4,"stat.craftItem.355":1,"achievement.buildPickaxe":1,"stat.useItem.109":56,"stat.damageDealt":635,"achievement.buildBetterPickaxe":1,"stat.killEntity.Pig":9,"stat.useItem.58":2,"stat.useItem.20":221,"stat.walkOneCm":1152359,"stat.killEntity.Wolf":1,"stat.craftItem.258":1,"stat.useItem.29":5,"stat.killEntity.LavaSlime":3,"stat.killEntity.Creeper":11,"stat.craftItem.256":1,"stat.craftItem.257":1,"achievement.mineWood":20,"stat.useItem.87":346,"stat.mineBlock.24":3,"stat.useItem.130":6,"stat.killEntity.Skeleton":16,"stat.useItem.89":230,"stat.useItem.256":27,"stat.useItem.258":3,"stat.useItem.257":11,"stat.useItem.139":145,"achievement.openInventory":195,"stat.useItem.259":8,"stat.killEntity.Chicken":1,"stat.craftItem.280":16,"stat.mineBlock.162":3,"stat.killEntity.Spider":7,"stat.mobKills":84,"achievement.buildFurnace":16,"stat.craftItem.58":1,"stat.useItem.12":898,"stat.deaths":2,"stat.drop":205,"stat.useItem.145":1,"stat.useItem.96":64,"stat.playOneMinute":242599,"stat.killEntity.Sheep":1,"stat.useItem.4":2618,"stat.craftItem.54":4,"stat.useItem.3":1,"stat.killEntity.Zombie":11,"stat.useItem.17":14,"stat.diveOneCm":446406}